Product name,Number of units sold,Price of a single unit,Date
Awesome table,83,76.07,24/01
Small fresh shirt,43,31.1,24/01
Gently used tuna,32,61.23,24/01
Fish,74,46.61,24/01
Steel pizza,29,17.68,24/01
Pizza,30,18.22,24/01
Fantastic plastic salad,34,25.23,24/01
Refined mouse,36,59.59,24/01
Licensed sausages,93,33.19,24/01
Cotton ball,43,29.22,24/01
Handcrafted soft computer,76,10.46,24/01
Tuna,86,79.73,24/01
Plastic car,42,83.13,24/01
Gently used steel shoes,74,68.24,24/01
Rubber soap,66,82.54,24/01
Rubber keyboard,4,22.61,24/01
Towels,99,6.61,24/01
Unbranded shirt,18,7.14,24/01
New soft keyboard,94,94.64,24/01
Cotton pizza,67,65.72,24/01
Incredible towels,98,21.65,24/01
Pants,85,13.46,24/01
Ergonomic fish,67,11.52,24/01
Frozen keyboard,85,37.72,24/01
Soft mouse,92,28.57,24/01
Tasty frozen gloves,17,14.67,24/01
Pants,34,69.84,24/01
Handmade fresh table,9,99.43,24/01
Awesome metal shirt,85,11.67,24/01
Gloves,40,30.9,24/01
Practical cotton chicken,75,86.3,24/01
Rustic wooden fish,66,23.81,24/01
Unbranded rubber pants,89,28.87,24/01
Shoes,36,84.83,24/01
Sleek plastic tuna,16,46.58,24/01
Generic concrete gloves,35,63.07,24/01
Hat,5,38.4,24/01
Granite tuna,45,72.04,24/01
Incredible granite tuna,65,37.89,24/01
Refined fish,53,37.17,24/01
Wooden pants,68,96.0,24/01
Incredible salad,72,80.26,24/01
Chair,36,70.62,24/01
Bacon,8,22.1,24/01
Ergonomic bacon,29,85.99,24/01
Fresh tuna,93,82.21,24/01
Tasty fish,87,37.93,24/01
Gloves,13,97.74,24/01
Chicken,77,34.79,24/01
Pants,26,84.06,24/01
Licensed chair,27,69.76,24/01
Gorgeous rubber mouse,42,98.96,24/01
Plastic chair,9,95.35,24/01
Frozen sausages,18,38.8,24/01
Intelligent fish,47,50.8,24/01
Gently used metal soap,22,89.63,24/01
Practical metal towels,3,48.21,24/01
Used tuna,16,5.16,24/01
Metal hat,85,99.76,24/01
Rubber hat,50,67.09,24/01
Plastic shirt,76,26.71,24/01
New cotton chair,48,53.55,24/01
Steel bike,34,8.06,24/01
Used mouse,14,82.65,24/01
Tasty shirt,92,13.39,24/01
Hat,39,43.53,24/01
Licensed soft pizza,49,57.19,24/01
Cheese,54,78.55,24/01
Steel gloves,97,71.23,24/01
Handcrafted shirt,93,24.34,24/01
Frozen ball,60,50.02,24/01
Sausages,13,93.75,24/01
Concrete chips,22,13.4,24/01
Towels,60,8.97,24/01
Handmade tuna,3,74.43,24/01
Pizza,14,72.52,24/01
Chips,86,31.57,24/01
Pizza,73,75.0,24/01
Chicken,81,61.25,24/01
Keyboard,36,20.6,24/01
Rustic computer,8,56.44,24/01
Handmade chips,33,49.87,24/01
Used chair,24,58.55,24/01
Rustic rubber sausages,96,21.18,24/01
Keyboard,25,15.57,24/01
Sausages,30,31.04,24/01
Refined soft cheese,80,46.74,24/01
Gorgeous chicken,46,32.03,24/01
New concrete chips,66,76.59,24/01
Cheese,26,67.0,24/01
Computer,33,99.17,24/01
Sleek concrete hat,76,82.91,24/01
Bike,15,63.69,24/01
Shoes,59,48.96,24/01
Shoes,28,14.27,24/01
Unbranded rubber shirt,86,74.32,24/01
Keyboard,95,92.87,24/01
Pants,51,61.85,24/01
Used soap,57,68.63,24/01
Pizza,40,64.53,24/01
Awesome table,85,25.16,24/02
Small fresh shirt,10,65.47,24/02
Gently used tuna,36,11.15,24/02
Fish,14,96.22,24/02
Steel pizza,46,66.95,24/02
Pizza,98,15.3,24/02
Fantastic plastic salad,62,81.01,24/02
Refined mouse,85,69.6,24/02
Licensed sausages,77,47.21,24/02
Cotton ball,100,15.59,24/02
Handcrafted soft computer,20,81.91,24/02
Tuna,69,6.98,24/02
Plastic car,79,30.68,24/02
Gently used steel shoes,89,34.24,24/02
Rubber soap,84,8.46,24/02
Rubber keyboard,45,94.08,24/02
Towels,95,67.09,24/02
Unbranded shirt,29,8.51,24/02
New soft keyboard,19,48.11,24/02
Cotton pizza,88,35.1,24/02
Incredible towels,50,55.13,24/02
Pants,3,82.4,24/02
Ergonomic fish,76,27.23,24/02
Frozen keyboard,31,77.67,24/02
Soft mouse,62,36.7,24/02
Tasty frozen gloves,22,40.39,24/02
Pants,80,98.7,24/02
Handmade fresh table,54,91.3,24/02
Awesome metal shirt,94,61.33,24/02
Gloves,40,8.8,24/02
Practical cotton chicken,78,45.37,24/02
Rustic wooden fish,7,53.65,24/02
Unbranded rubber pants,54,24.1,24/02
Shoes,19,73.28,24/02
Sleek plastic tuna,21,9.62,24/02
Generic concrete gloves,33,54.75,24/02
Hat,34,68.87,24/02
Granite tuna,23,95.96,24/02
Incredible granite tuna,97,9.56,24/02
Refined fish,63,64.76,24/02
Wooden pants,26,88.73,24/02
Incredible salad,48,70.92,24/02
Chair,94,85.74,24/02
Bacon,43,56.44,24/02
Ergonomic bacon,72,98.86,24/02
Fresh tuna,45,23.04,24/02
Tasty fish,79,36.86,24/02
Gloves,12,5.55,24/02
Chicken,77,12.17,24/02
Pants,18,68.37,24/02
Licensed chair,42,97.4,24/02
Gorgeous rubber mouse,84,51.86,24/02
Plastic chair,17,28.91,24/02
Frozen sausages,5,89.63,24/02
Intelligent fish,64,53.25,24/02
Gently used metal soap,74,13.5,24/02
Practical metal towels,60,36.57,24/02
Used tuna,31,24.1,24/02
Metal hat,24,89.19,24/02
Rubber hat,20,88.69,24/02
Plastic shirt,84,30.29,24/02
New cotton chair,100,10.67,24/02
Steel bike,15,80.73,24/02
Used mouse,46,75.14,24/02
Tasty shirt,71,30.39,24/02
Hat,3,83.33,24/02
Licensed soft pizza,35,43.96,24/02
Cheese,58,41.77,24/02
Steel gloves,35,64.47,24/02
Handcrafted shirt,82,56.21,24/02
Frozen ball,87,45.28,24/02
Sausages,78,26.05,24/02
Concrete chips,44,24.44,24/02
Towels,2,43.08,24/02
Handmade tuna,46,5.76,24/02
Pizza,43,43.39,24/02
Chips,69,21.92,24/02
Pizza,70,76.21,24/02
Chicken,87,95.04,24/02
Keyboard,62,95.04,24/02
Rustic computer,73,13.6,24/02
Handmade chips,72,39.37,24/02
Used chair,99,27.42,24/02
Rustic rubber sausages,35,28.05,24/02
Keyboard,6,44.33,24/02
Sausages,54,25.99,24/02
Refined soft cheese,26,52.81,24/02
Gorgeous chicken,16,77.86,24/02
New concrete chips,93,7.2,24/02
Cheese,49,47.55,24/02
Computer,49,90.77,24/02
Sleek concrete hat,79,28.13,24/02
Bike,87,43.48,24/02
Shoes,17,92.66,24/02
Shoes,51,68.26,24/02
Unbranded rubber shirt,80,12.92,24/02
Keyboard,86,97.44,24/02
Pants,6,76.18,24/02
Used soap,45,20.05,24/02
Pizza,2,16.37,24/02
Awesome table,4,33.52,24/03
Small fresh shirt,49,62.38,24/03
Gently used tuna,22,12.7,24/03
Fish,43,14.71,24/03
Steel pizza,9,26.14,24/03
Pizza,18,22.18,24/03
Fantastic plastic salad,80,40.78,24/03
Refined mouse,40,74.94,24/03
Licensed sausages,39,74.69,24/03
Cotton ball,99,96.74,24/03
Handcrafted soft computer,50,99.88,24/03
Tuna,47,62.56,24/03
Plastic car,57,88.49,24/03
Gently used steel shoes,73,87.76,24/03
Rubber soap,92,13.83,24/03
Rubber keyboard,88,68.31,24/03
Towels,21,65.3,24/03
Unbranded shirt,66,54.08,24/03
New soft keyboard,65,15.76,24/03
Cotton pizza,1,60.42,24/03
Incredible towels,20,23.35,24/03
Pants,38,20.43,24/03
Ergonomic fish,69,51.08,24/03
Frozen keyboard,94,38.7,24/03
Soft mouse,72,72.76,24/03
Tasty frozen gloves,93,27.27,24/03
Pants,83,98.08,24/03
Handmade fresh table,77,77.98,24/03
Awesome metal shirt,62,16.14,24/03
Gloves,56,11.64,24/03
Practical cotton chicken,32,92.6,24/03
Rustic wooden fish,70,61.21,24/03
Unbranded rubber pants,7,17.9,24/03
Shoes,93,20.97,24/03
Sleek plastic tuna,66,98.83,24/03
Generic concrete gloves,1,51.43,24/03
Hat,75,20.25,24/03
Granite tuna,52,8.15,24/03
Incredible granite tuna,7,93.83,24/03
Refined fish,56,86.54,24/03
Wooden pants,74,25.15,24/03
Incredible salad,31,93.93,24/03
Chair,50,41.11,24/03
Bacon,84,40.39,24/03
Ergonomic bacon,1,18.02,24/03
Fresh tuna,17,40.08,24/03
Tasty fish,75,35.9,24/03
Gloves,34,66.04,24/03
Chicken,68,15.41,24/03
Pants,62,79.36,24/03
Licensed chair,21,35.9,24/03
Gorgeous rubber mouse,84,51.64,24/03
Plastic chair,47,66.32,24/03
Frozen sausages,80,43.74,24/03
Intelligent fish,39,81.25,24/03
Gently used metal soap,89,69.84,24/03
Practical metal towels,36,20.44,24/03
Used tuna,23,6.11,24/03
Metal hat,46,65.48,24/03
Rubber hat,74,93.74,24/03
Plastic shirt,51,51.67,24/03
New cotton chair,31,15.25,24/03
Steel bike,45,98.58,24/03
Used mouse,73,74.29,24/03
Tasty shirt,53,58.38,24/03
Hat,44,84.94,24/03
Licensed soft pizza,82,57.78,24/03
Cheese,3,64.93,24/03
Steel gloves,6,39.04,24/03
Handcrafted shirt,43,54.86,24/03
Frozen ball,57,66.84,24/03
Sausages,82,9.27,24/03
Concrete chips,23,32.58,24/03
Towels,59,82.07,24/03
Handmade tuna,88,98.59,24/03
Pizza,12,51.26,24/03
Chips,28,51.06,24/03
Pizza,36,20.67,24/03
Chicken,1,42.79,24/03
Keyboard,78,22.57,24/03
Rustic computer,12,31.59,24/03
Handmade chips,68,91.97,24/03
Used chair,78,69.46,24/03
Rustic rubber sausages,69,72.18,24/03
Keyboard,53,29.97,24/03
Sausages,32,6.78,24/03
Refined soft cheese,8,47.88,24/03
Gorgeous chicken,84,83.2,24/03
New concrete chips,58,88.36,24/03
Cheese,49,79.61,24/03
Computer,36,50.71,24/03
Sleek concrete hat,30,69.11,24/03
Bike,50,82.3,24/03
Shoes,93,45.87,24/03
Shoes,4,5.5,24/03
Unbranded rubber shirt,73,58.16,24/03
Keyboard,27,47.55,24/03
Pants,20,82.27,24/03
Used soap,1,10.95,24/03
Pizza,95,45.0,24/03
Awesome table,31,25.03,24/04
Small fresh shirt,14,11.86,24/04
Gently used tuna,54,68.73,24/04
Fish,50,62.58,24/04
Steel pizza,37,93.24,24/04
Pizza,85,17.83,24/04
Fantastic plastic salad,42,60.59,24/04
Refined mouse,77,96.1,24/04
Licensed sausages,84,57.39,24/04
Cotton ball,73,64.91,24/04
Handcrafted soft computer,19,80.16,24/04
Tuna,66,9.71,24/04
Plastic car,18,80.11,24/04
Gently used steel shoes,31,26.64,24/04
Rubber soap,74,89.59,24/04
Rubber keyboard,53,64.65,24/04
Towels,69,5.21,24/04
Unbranded shirt,89,84.45,24/04
New soft keyboard,20,32.81,24/04
Cotton pizza,53,84.21,24/04
Incredible towels,31,98.64,24/04
Pants,41,87.4,24/04
Ergonomic fish,54,79.84,24/04
Frozen keyboard,44,47.39,24/04
Soft mouse,70,92.79,24/04
Tasty frozen gloves,97,39.04,24/04
Pants,24,17.73,24/04
Handmade fresh table,19,67.93,24/04
Awesome metal shirt,82,33.77,24/04
Gloves,90,36.03,24/04
Practical cotton chicken,58,47.71,24/04
Rustic wooden fish,18,66.35,24/04
Unbranded rubber pants,35,26.61,24/04
Shoes,29,96.95,24/04
Sleek plastic tuna,75,97.99,24/04
Generic concrete gloves,48,60.61,24/04
Hat,40,23.21,24/04
Granite tuna,56,45.45,24/04
Incredible granite tuna,65,53.04,24/04
Refined fish,54,39.58,24/04
Wooden pants,11,16.25,24/04
Incredible salad,3,98.66,24/04
Chair,90,54.38,24/04
Bacon,1,76.06,24/04
Ergonomic bacon,78,52.62,24/04
Fresh tuna,58,52.32,24/04
Tasty fish,73,86.52,24/04
Gloves,70,66.38,24/04
Chicken,40,18.86,24/04
Pants,44,97.13,24/04
Licensed chair,45,96.66,24/04
Gorgeous rubber mouse,9,60.34,24/04
Plastic chair,14,15.76,24/04
Frozen sausages,8,59.83,24/04
Intelligent fish,46,27.65,24/04
Gently used metal soap,69,33.23,24/04
Practical metal towels,16,98.18,24/04
Used tuna,99,89.12,24/04
Metal hat,59,36.91,24/04
Rubber hat,60,29.62,24/04
Plastic shirt,20,83.19,24/04
New cotton chair,29,27.34,24/04
Steel bike,25,87.38,24/04
Used mouse,56,80.63,24/04
Tasty shirt,38,63.82,24/04
Hat,32,99.94,24/04
Licensed soft pizza,95,90.02,24/04
Cheese,61,22.05,24/04
Steel gloves,77,8.06,24/04
Handcrafted shirt,63,18.19,24/04
Frozen ball,47,60.42,24/04
Sausages,18,25.0,24/04
Concrete chips,26,68.97,24/04
Towels,92,85.79,24/04
Handmade tuna,73,15.07,24/04
Pizza,29,94.0,24/04
Chips,66,86.3,24/04
Pizza,55,24.93,24/04
Chicken,93,97.77,24/04
Keyboard,64,66.46,24/04
Rustic computer,1,85.52,24/04
Handmade chips,53,28.59,24/04
Used chair,53,46.51,24/04
Rustic rubber sausages,28,21.43,24/04
Keyboard,78,10.15,24/04
Sausages,49,79.05,24/04
Refined soft cheese,32,21.32,24/04
Gorgeous chicken,86,8.74,24/04
New concrete chips,99,94.08,24/04
Cheese,81,79.92,24/04
Computer,37,44.48,24/04
Sleek concrete hat,78,89.67,24/04
Bike,97,9.14,24/04
Shoes,13,53.48,24/04
Shoes,12,5.8,24/04
Unbranded rubber shirt,18,94.54,24/04
Keyboard,50,82.62,24/04
Pants,51,11.95,24/04
Used soap,36,18.33,24/04
Pizza,66,46.92,24/04
Awesome table,30,47.89,24/05
Small fresh shirt,39,53.35,24/05
Gently used tuna,34,67.58,24/05
Fish,79,61.77,24/05
Steel pizza,26,49.76,24/05
Pizza,26,36.18,24/05
Fantastic plastic salad,31,11.97,24/05
Refined mouse,13,51.64,24/05
Licensed sausages,77,74.06,24/05
Cotton ball,52,68.56,24/05
Handcrafted soft computer,5,31.98,24/05
Tuna,57,32.46,24/05
Plastic car,62,79.01,24/05
Gently used steel shoes,58,47.04,24/05
Rubber soap,53,49.02,24/05
Rubber keyboard,60,63.49,24/05
Towels,20,23.69,24/05
Unbranded shirt,54,54.31,24/05
New soft keyboard,24,41.69,24/05
Cotton pizza,33,30.0,24/05
Incredible towels,8,65.35,24/05
Pants,16,46.68,24/05
Ergonomic fish,29,39.71,24/05
Frozen keyboard,21,10.15,24/05
Soft mouse,13,40.68,24/05
Tasty frozen gloves,55,20.85,24/05
Pants,77,26.78,24/05
Handmade fresh table,13,82.06,24/05
Awesome metal shirt,27,14.39,24/05
Gloves,99,83.44,24/05
Practical cotton chicken,28,70.67,24/05
Rustic wooden fish,33,60.21,24/05
Unbranded rubber pants,52,46.17,24/05
Shoes,63,79.57,24/05
Sleek plastic tuna,66,38.9,24/05
Generic concrete gloves,78,30.18,24/05
Hat,86,8.12,24/05
Granite tuna,46,10.41,24/05
Incredible granite tuna,51,55.21,24/05
Refined fish,12,38.54,24/05
Wooden pants,89,52.92,24/05
Incredible salad,88,77.72,24/05
Chair,95,92.64,24/05
Bacon,18,74.88,24/05
Ergonomic bacon,69,10.97,24/05
Fresh tuna,13,62.65,24/05
Tasty fish,79,34.03,24/05
Gloves,17,6.57,24/05
Chicken,26,46.9,24/05
Pants,99,15.91,24/05
Licensed chair,25,7.53,24/05
Gorgeous rubber mouse,12,80.9,24/05
Plastic chair,50,74.87,24/05
Frozen sausages,14,38.85,24/05
Intelligent fish,39,25.91,24/05
Gently used metal soap,64,23.32,24/05
Practical metal towels,2,42.18,24/05
Used tuna,10,18.72,24/05
Metal hat,87,24.64,24/05
Rubber hat,17,51.99,24/05
Plastic shirt,81,99.65,24/05
New cotton chair,13,60.26,24/05
Steel bike,21,48.4,24/05
Used mouse,12,8.34,24/05
Tasty shirt,28,84.08,24/05
Hat,86,74.72,24/05
Licensed soft pizza,28,74.59,24/05
Cheese,7,33.15,24/05
Steel gloves,31,15.81,24/05
Handcrafted shirt,38,80.02,24/05
Frozen ball,21,43.56,24/05
Sausages,3,81.18,24/05
Concrete chips,93,63.59,24/05
Towels,50,31.4,24/05
Handmade tuna,10,57.14,24/05
Pizza,84,20.41,24/05
Chips,43,29.15,24/05
Pizza,8,15.05,24/05
Chicken,45,61.44,24/05
Keyboard,43,33.48,24/05
Rustic computer,22,88.79,24/05
Handmade chips,8,89.7,24/05
Used chair,35,39.54,24/05
Rustic rubber sausages,79,82.17,24/05
Keyboard,58,66.13,24/05
Sausages,45,47.95,24/05
Refined soft cheese,33,50.17,24/05
Gorgeous chicken,59,8.68,24/05
New concrete chips,35,59.45,24/05
Cheese,20,47.16,24/05
Computer,39,54.58,24/05
Sleek concrete hat,32,23.85,24/05
Bike,38,66.8,24/05
Shoes,67,5.72,24/05
Shoes,41,56.36,24/05
Unbranded rubber shirt,82,10.45,24/05
Keyboard,21,27.89,24/05
Pants,68,16.39,24/05
Used soap,78,17.44,24/05
Pizza,72,87.76,24/05
Awesome table,91,29.56,24/06
Small fresh shirt,27,71.1,24/06
Gently used tuna,55,96.77,24/06
Fish,83,66.4,24/06
Steel pizza,28,80.16,24/06
Pizza,11,93.48,24/06
Fantastic plastic salad,57,29.89,24/06
Refined mouse,26,23.93,24/06
Licensed sausages,9,66.25,24/06
Cotton ball,100,9.84,24/06
Handcrafted soft computer,28,54.05,24/06
Tuna,63,26.34,24/06
Plastic car,91,30.23,24/06
Gently used steel shoes,33,92.7,24/06
Rubber soap,91,83.13,24/06
Rubber keyboard,99,97.22,24/06
Towels,50,32.16,24/06
Unbranded shirt,93,72.98,24/06
New soft keyboard,77,58.69,24/06
Cotton pizza,60,78.25,24/06
Incredible towels,63,90.2,24/06
Pants,98,77.92,24/06
Ergonomic fish,22,72.04,24/06
Frozen keyboard,50,53.24,24/06
Soft mouse,94,94.64,24/06
Tasty frozen gloves,59,27.63,24/06
Pants,53,30.94,24/06
Handmade fresh table,86,67.4,24/06
Awesome metal shirt,19,57.93,24/06
Gloves,34,97.06,24/06
Practical cotton chicken,27,15.71,24/06
Rustic wooden fish,90,34.72,24/06
Unbranded rubber pants,90,42.22,24/06
Shoes,34,55.85,24/06
Sleek plastic tuna,99,41.8,24/06
Generic concrete gloves,38,13.45,24/06
Hat,97,84.33,24/06
Granite tuna,100,18.82,24/06
Incredible granite tuna,59,82.5,24/06
Refined fish,4,19.8,24/06
Wooden pants,58,99.73,24/06
Incredible salad,5,11.22,24/06
Chair,21,39.7,24/06
Bacon,15,22.23,24/06
Ergonomic bacon,64,29.74,24/06
Fresh tuna,32,62.31,24/06
Tasty fish,77,93.74,24/06
Gloves,89,94.59,24/06
Chicken,29,36.45,24/06
Pants,10,67.93,24/06
Licensed chair,74,37.92,24/06
Gorgeous rubber mouse,64,93.16,24/06
Plastic chair,68,47.93,24/06
Frozen sausages,7,75.53,24/06
Intelligent fish,77,20.77,24/06
Gently used metal soap,72,9.28,24/06
Practical metal towels,76,65.59,24/06
Used tuna,46,98.23,24/06
Metal hat,95,30.79,24/06
Rubber hat,87,55.16,24/06
Plastic shirt,28,10.5,24/06
New cotton chair,79,26.79,24/06
Steel bike,9,80.41,24/06
Used mouse,41,86.79,24/06
Tasty shirt,81,48.19,24/06
Hat,81,55.23,24/06
Licensed soft pizza,69,39.47,24/06
Cheese,23,91.57,24/06
Steel gloves,57,10.16,24/06
Handcrafted shirt,74,72.76,24/06
Frozen ball,48,73.99,24/06
Sausages,36,38.5,24/06
Concrete chips,56,60.76,24/06
Towels,62,63.84,24/06
Handmade tuna,53,60.43,24/06
Pizza,43,47.42,24/06
Chips,13,27.65,24/06
Pizza,79,26.92,24/06
Chicken,53,91.8,24/06
Keyboard,3,9.2,24/06
Rustic computer,60,74.66,24/06
Handmade chips,83,63.5,24/06
Used chair,53,68.46,24/06
Rustic rubber sausages,46,7.85,24/06
Keyboard,12,12.65,24/06
Sausages,95,39.51,24/06
Refined soft cheese,61,23.46,24/06
Gorgeous chicken,47,58.04,24/06
New concrete chips,77,19.87,24/06
Cheese,56,76.13,24/06
Computer,88,89.38,24/06
Sleek concrete hat,52,46.68,24/06
Bike,66,87.17,24/06
Shoes,34,85.41,24/06
Shoes,75,27.47,24/06
Unbranded rubber shirt,86,52.38,24/06
Keyboard,4,58.31,24/06
Pants,15,88.84,24/06
Used soap,82,67.91,24/06
Pizza,20,79.21,24/06
Awesome table,17,67.49,24/07
Small fresh shirt,48,78.15,24/07
Gently used tuna,34,7.35,24/07
Fish,77,20.96,24/07
Steel pizza,12,86.83,24/07
Pizza,81,43.59,24/07
Fantastic plastic salad,54,57.52,24/07
Refined mouse,41,44.37,24/07
Licensed sausages,74,82.68,24/07
Cotton ball,13,92.37,24/07
Handcrafted soft computer,78,39.94,24/07
Tuna,22,80.16,24/07
Plastic car,51,47.56,24/07
Gently used steel shoes,26,75.55,24/07
Rubber soap,91,83.07,24/07
Rubber keyboard,14,20.22,24/07
Towels,28,99.3,24/07
Unbranded shirt,13,17.22,24/07
New soft keyboard,98,12.33,24/07
Cotton pizza,4,16.97,24/07
Incredible towels,55,33.41,24/07
Pants,51,69.15,24/07
Ergonomic fish,25,99.89,24/07
Frozen keyboard,24,20.22,24/07
Soft mouse,25,60.87,24/07
Tasty frozen gloves,39,95.23,24/07
Pants,74,83.49,24/07
Handmade fresh table,88,25.77,24/07
Awesome metal shirt,31,85.11,24/07
Gloves,83,5.6,24/07
Practical cotton chicken,31,25.71,24/07
Rustic wooden fish,35,50.48,24/07
Unbranded rubber pants,37,69.58,24/07
Shoes,81,27.65,24/07
Sleek plastic tuna,46,39.17,24/07
Generic concrete gloves,5,52.65,24/07
Hat,75,88.58,24/07
Granite tuna,10,41.71,24/07
Incredible granite tuna,72,17.47,24/07
Refined fish,60,78.72,24/07
Wooden pants,10,18.69,24/07
Incredible salad,82,60.18,24/07
Chair,97,26.72,24/07
Bacon,57,81.33,24/07
Ergonomic bacon,52,79.01,24/07
Fresh tuna,81,41.54,24/07
Tasty fish,4,70.01,24/07
Gloves,1,88.55,24/07
Chicken,67,73.0,24/07
Pants,93,36.85,24/07
Licensed chair,24,66.17,24/07
Gorgeous rubber mouse,52,36.62,24/07
Plastic chair,94,81.32,24/07
Frozen sausages,2,5.51,24/07
Intelligent fish,6,36.4,24/07
Gently used metal soap,89,19.7,24/07
Practical metal towels,82,71.58,24/07
Used tuna,18,59.64,24/07
Metal hat,54,65.19,24/07
Rubber hat,81,31.89,24/07
Plastic shirt,29,92.56,24/07
New cotton chair,51,36.13,24/07
Steel bike,33,64.43,24/07
Used mouse,70,81.82,24/07
Tasty shirt,87,73.52,24/07
Hat,83,41.3,24/07
Licensed soft pizza,18,51.32,24/07
Cheese,64,67.83,24/07
Steel gloves,55,58.52,24/07
Handcrafted shirt,39,81.86,24/07
Frozen ball,86,56.84,24/07
Sausages,17,57.0,24/07
Concrete chips,42,36.34,24/07
Towels,39,78.58,24/07
Handmade tuna,12,42.45,24/07
Pizza,70,51.15,24/07
Chips,18,37.4,24/07
Pizza,2,92.39,24/07
Chicken,19,71.37,24/07
Keyboard,82,23.09,24/07
Rustic computer,76,69.29,24/07
Handmade chips,100,75.35,24/07
Used chair,52,75.82,24/07
Rustic rubber sausages,50,83.54,24/07
Keyboard,60,49.93,24/07
Sausages,48,39.67,24/07
Refined soft cheese,24,50.2,24/07
Gorgeous chicken,94,83.56,24/07
New concrete chips,1,40.27,24/07
Cheese,49,79.76,24/07
Computer,54,65.36,24/07
Sleek concrete hat,8,99.83,24/07
Bike,25,76.87,24/07
Shoes,41,69.07,24/07
Shoes,65,96.99,24/07
Unbranded rubber shirt,70,54.84,24/07
Keyboard,22,9.65,24/07
Pants,21,29.78,24/07
Used soap,21,45.46,24/07
Pizza,64,77.41,24/07
Awesome table,11,73.73,24/08
Small fresh shirt,82,8.53,24/08
Gently used tuna,33,56.3,24/08
Fish,84,80.02,24/08
Steel pizza,74,5.33,24/08
Pizza,76,34.54,24/08
Fantastic plastic salad,38,14.79,24/08
Refined mouse,65,76.25,24/08
Licensed sausages,87,65.12,24/08
Cotton ball,74,94.6,24/08
Handcrafted soft computer,64,63.26,24/08
Tuna,81,92.63,24/08
Plastic car,98,14.95,24/08
Gently used steel shoes,93,74.37,24/08
Rubber soap,56,75.16,24/08
Rubber keyboard,94,81.75,24/08
Towels,58,44.47,24/08
Unbranded shirt,38,34.57,24/08
New soft keyboard,97,53.9,24/08
Cotton pizza,47,22.93,24/08
Incredible towels,29,42.7,24/08
Pants,44,26.08,24/08
Ergonomic fish,84,20.89,24/08
Frozen keyboard,95,55.05,24/08
Soft mouse,97,72.17,24/08
Tasty frozen gloves,93,8.13,24/08
Pants,49,11.87,24/08
Handmade fresh table,39,29.62,24/08
Awesome metal shirt,72,6.03,24/08
Gloves,75,83.63,24/08
Practical cotton chicken,82,85.95,24/08
Rustic wooden fish,88,55.99,24/08
Unbranded rubber pants,63,91.28,24/08
Shoes,26,99.56,24/08
Sleek plastic tuna,28,43.4,24/08
Generic concrete gloves,49,62.51,24/08
Hat,72,95.44,24/08
Granite tuna,49,59.12,24/08
Incredible granite tuna,85,26.08,24/08
Refined fish,67,41.24,24/08
Wooden pants,22,24.5,24/08
Incredible salad,4,22.61,24/08
Chair,8,26.54,24/08
Bacon,38,47.02,24/08
Ergonomic bacon,96,85.99,24/08
Fresh tuna,83,22.04,24/08
Tasty fish,17,83.0,24/08
Gloves,13,73.05,24/08
Chicken,50,71.48,24/08
Pants,89,58.28,24/08
Licensed chair,77,63.39,24/08
Gorgeous rubber mouse,77,95.06,24/08
Plastic chair,32,97.63,24/08
Frozen sausages,87,7.75,24/08
Intelligent fish,97,7.46,24/08
Gently used metal soap,87,30.31,24/08
Practical metal towels,85,87.04,24/08
Used tuna,21,43.17,24/08
Metal hat,82,53.77,24/08
Rubber hat,80,70.9,24/08
Plastic shirt,38,50.7,24/08
New cotton chair,87,39.11,24/08
Steel bike,21,38.26,24/08
Used mouse,39,48.85,24/08
Tasty shirt,92,10.76,24/08
Hat,88,80.68,24/08
Licensed soft pizza,97,57.91,24/08
Cheese,37,96.8,24/08
Steel gloves,20,75.1,24/08
Handcrafted shirt,80,5.57,24/08
Frozen ball,4,35.4,24/08
Sausages,95,66.87,24/08
Concrete chips,88,24.0,24/08
Towels,73,45.71,24/08
Handmade tuna,60,62.02,24/08
Pizza,61,42.84,24/08
Chips,30,52.88,24/08
Pizza,86,42.17,24/08
Chicken,14,75.06,24/08
Keyboard,30,33.12,24/08
Rustic computer,96,90.04,24/08
Handmade chips,86,6.56,24/08
Used chair,7,54.87,24/08
Rustic rubber sausages,81,16.56,24/08
Keyboard,22,8.6,24/08
Sausages,48,20.62,24/08
Refined soft cheese,52,69.39,24/08
Gorgeous chicken,47,90.88,24/08
New concrete chips,78,40.39,24/08
Cheese,13,20.45,24/08
Computer,38,54.97,24/08
Sleek concrete hat,52,22.71,24/08
Bike,74,17.77,24/08
Shoes,43,62.33,24/08
Shoes,59,96.15,24/08
Unbranded rubber shirt,59,79.91,24/08
Keyboard,61,49.13,24/08
Pants,74,49.71,24/08
Used soap,34,60.42,24/08
Pizza,88,52.89,24/08
Awesome table,47,57.55,24/09
Small fresh shirt,58,40.68,24/09
Gently used tuna,78,49.16,24/09
Fish,66,76.47,24/09
Steel pizza,72,99.76,24/09
Pizza,88,12.99,24/09
Fantastic plastic salad,71,34.93,24/09
Refined mouse,100,61.74,24/09
Licensed sausages,49,45.52,24/09
Cotton ball,17,5.86,24/09
Handcrafted soft computer,95,41.02,24/09
Tuna,44,26.53,24/09
Plastic car,79,31.65,24/09
Gently used steel shoes,75,33.17,24/09
Rubber soap,80,95.14,24/09
Rubber keyboard,9,47.37,24/09
Towels,80,64.86,24/09
Unbranded shirt,54,25.31,24/09
New soft keyboard,63,53.88,24/09
Cotton pizza,29,74.48,24/09
Incredible towels,16,64.13,24/09
Pants,86,8.81,24/09
Ergonomic fish,77,39.76,24/09
Frozen keyboard,31,7.46,24/09
Soft mouse,47,66.17,24/09
Tasty frozen gloves,73,22.34,24/09
Pants,22,44.28,24/09
Handmade fresh table,93,47.61,24/09
Awesome metal shirt,50,24.12,24/09
Gloves,90,84.89,24/09
Practical cotton chicken,57,81.98,24/09
Rustic wooden fish,48,86.12,24/09
Unbranded rubber pants,9,41.58,24/09
Shoes,24,81.66,24/09
Sleek plastic tuna,76,12.34,24/09
Generic concrete gloves,88,86.68,24/09
Hat,20,22.28,24/09
Granite tuna,57,31.51,24/09
Incredible granite tuna,76,25.81,24/09
Refined fish,68,59.37,24/09
Wooden pants,35,65.36,24/09
Incredible salad,67,42.57,24/09
Chair,5,70.68,24/09
Bacon,77,20.38,24/09
Ergonomic bacon,67,84.14,24/09
Fresh tuna,80,43.08,24/09
Tasty fish,4,97.46,24/09
Gloves,96,95.18,24/09
Chicken,32,57.12,24/09
Pants,17,54.65,24/09
Licensed chair,6,64.41,24/09
Gorgeous rubber mouse,27,45.74,24/09
Plastic chair,99,39.56,24/09
Frozen sausages,47,44.81,24/09
Intelligent fish,91,66.6,24/09
Gently used metal soap,78,51.89,24/09
Practical metal towels,44,70.35,24/09
Used tuna,98,79.64,24/09
Metal hat,16,56.89,24/09
Rubber hat,32,49.48,24/09
Plastic shirt,6,86.85,24/09
New cotton chair,90,26.83,24/09
Steel bike,14,55.43,24/09
Used mouse,14,55.28,24/09
Tasty shirt,65,22.8,24/09
Hat,32,80.46,24/09
Licensed soft pizza,7,52.6,24/09
Cheese,25,73.3,24/09
Steel gloves,92,68.81,24/09
Handcrafted shirt,68,51.44,24/09
Frozen ball,89,39.48,24/09
Sausages,62,22.42,24/09
Concrete chips,64,84.69,24/09
Towels,71,71.56,24/09
Handmade tuna,98,47.19,24/09
Pizza,68,59.05,24/09
Chips,30,71.76,24/09
Pizza,36,48.09,24/09
Chicken,20,24.39,24/09
Keyboard,69,11.36,24/09
Rustic computer,9,51.01,24/09
Handmade chips,99,79.15,24/09
Used chair,77,47.83,24/09
Rustic rubber sausages,99,36.27,24/09
Keyboard,61,81.0,24/09
Sausages,71,8.84,24/09
Refined soft cheese,82,44.18,24/09
Gorgeous chicken,44,57.26,24/09
New concrete chips,1,41.32,24/09
Cheese,19,5.35,24/09
Computer,85,57.86,24/09
Sleek concrete hat,73,78.65,24/09
Bike,37,85.33,24/09
Shoes,59,94.29,24/09
Shoes,91,49.68,24/09
Unbranded rubber shirt,58,80.55,24/09
Keyboard,12,45.09,24/09
Pants,59,46.71,24/09
Used soap,65,23.98,24/09
Pizza,73,41.7,24/09
Awesome table,69,47.37,24/10
Small fresh shirt,63,78.76,24/10
Gently used tuna,52,11.32,24/10
Fish,92,74.18,24/10
Steel pizza,46,49.29,24/10
Pizza,14,88.44,24/10
Fantastic plastic salad,49,49.16,24/10
Refined mouse,70,99.69,24/10
Licensed sausages,20,91.02,24/10
Cotton ball,17,63.04,24/10
Handcrafted soft computer,38,31.27,24/10
Tuna,57,47.91,24/10
Plastic car,20,27.29,24/10
Gently used steel shoes,83,44.14,24/10
Rubber soap,32,24.68,24/10
Rubber keyboard,22,67.88,24/10
Towels,74,10.58,24/10
Unbranded shirt,44,48.76,24/10
New soft keyboard,2,84.54,24/10
Cotton pizza,72,96.2,24/10
Incredible towels,17,61.54,24/10
Pants,13,29.72,24/10
Ergonomic fish,72,43.38,24/10
Frozen keyboard,11,91.86,24/10
Soft mouse,54,36.72,24/10
Tasty frozen gloves,39,82.28,24/10
Pants,6,53.7,24/10
Handmade fresh table,81,59.59,24/10
Awesome metal shirt,2,9.77,24/10
Gloves,65,28.8,24/10
Practical cotton chicken,87,25.9,24/10
Rustic wooden fish,34,47.22,24/10
Unbranded rubber pants,30,81.82,24/10
Shoes,44,76.06,24/10
Sleek plastic tuna,89,7.76,24/10
Generic concrete gloves,14,86.15,24/10
Hat,89,59.62,24/10
Granite tuna,35,84.33,24/10
Incredible granite tuna,68,16.64,24/10
Refined fish,15,96.5,24/10
Wooden pants,8,9.25,24/10
Incredible salad,16,67.1,24/10
Chair,41,24.63,24/10
Bacon,71,74.92,24/10
Ergonomic bacon,36,57.16,24/10
Fresh tuna,94,34.25,24/10
Tasty fish,40,73.68,24/10
Gloves,41,78.13,24/10
Chicken,8,90.44,24/10
Pants,47,55.24,24/10
Licensed chair,70,7.45,24/10
Gorgeous rubber mouse,2,74.84,24/10
Plastic chair,72,14.23,24/10
Frozen sausages,32,24.97,24/10
Intelligent fish,26,10.81,24/10
Gently used metal soap,12,38.67,24/10
Practical metal towels,87,25.21,24/10
Used tuna,21,87.79,24/10
Metal hat,77,52.01,24/10
Rubber hat,3,78.92,24/10
Plastic shirt,80,69.21,24/10
New cotton chair,76,40.48,24/10
Steel bike,23,93.92,24/10
Used mouse,4,87.76,24/10
Tasty shirt,73,93.49,24/10
Hat,76,87.73,24/10
Licensed soft pizza,77,58.55,24/10
Cheese,40,91.9,24/10
Steel gloves,41,48.15,24/10
Handcrafted shirt,91,5.79,24/10
Frozen ball,66,91.17,24/10
Sausages,16,55.18,24/10
Concrete chips,4,72.81,24/10
Towels,56,91.92,24/10
Handmade tuna,15,72.38,24/10
Pizza,43,29.3,24/10
Chips,85,45.48,24/10
Pizza,28,90.98,24/10
Chicken,86,6.69,24/10
Keyboard,6,11.76,24/10
Rustic computer,13,19.1,24/10
Handmade chips,54,88.83,24/10
Used chair,55,61.85,24/10
Rustic rubber sausages,79,95.53,24/10
Keyboard,52,90.23,24/10
Sausages,18,97.0,24/10
Refined soft cheese,25,24.85,24/10
Gorgeous chicken,58,24.69,24/10
New concrete chips,62,17.89,24/10
Cheese,97,59.23,24/10
Computer,61,57.15,24/10
Sleek concrete hat,20,12.11,24/10
Bike,57,30.76,24/10
Shoes,60,51.88,24/10
Shoes,82,14.09,24/10
Unbranded rubber shirt,3,45.65,24/10
Keyboard,14,31.24,24/10
Pants,43,14.13,24/10
Used soap,11,18.86,24/10
Pizza,62,83.33,24/10
Awesome table,94,40.72,24/11
Small fresh shirt,70,46.67,24/11
Gently used tuna,25,34.91,24/11
Fish,58,93.75,24/11
Steel pizza,90,91.56,24/11
Pizza,9,38.83,24/11
Fantastic plastic salad,51,49.46,24/11
Refined mouse,76,69.43,24/11
Licensed sausages,96,61.28,24/11
Cotton ball,93,63.72,24/11
Handcrafted soft computer,61,6.53,24/11
Tuna,12,13.29,24/11
Plastic car,100,41.1,24/11
Gently used steel shoes,16,12.85,24/11
Rubber soap,93,71.28,24/11
Rubber keyboard,18,22.41,24/11
Towels,34,98.02,24/11
Unbranded shirt,57,15.27,24/11
New soft keyboard,16,33.14,24/11
Cotton pizza,78,52.9,24/11
Incredible towels,11,95.85,24/11
Pants,74,86.97,24/11
Ergonomic fish,80,25.46,24/11
Frozen keyboard,77,11.81,24/11
Soft mouse,11,14.04,24/11
Tasty frozen gloves,95,38.33,24/11
Pants,35,78.64,24/11
Handmade fresh table,63,15.76,24/11
Awesome metal shirt,99,64.23,24/11
Gloves,21,86.52,24/11
Practical cotton chicken,4,24.59,24/11
Rustic wooden fish,88,18.41,24/11
Unbranded rubber pants,94,68.97,24/11
Shoes,34,61.92,24/11
Sleek plastic tuna,13,73.33,24/11
Generic concrete gloves,100,89.27,24/11
Hat,69,96.82,24/11
Granite tuna,18,6.89,24/11
Incredible granite tuna,84,12.52,24/11
Refined fish,24,67.0,24/11
Wooden pants,96,39.22,24/11
Incredible salad,13,44.2,24/11
Chair,74,86.14,24/11
Bacon,3,58.04,24/11
Ergonomic bacon,80,82.52,24/11
Fresh tuna,89,56.29,24/11
Tasty fish,34,46.5,24/11
Gloves,23,90.55,24/11
Chicken,5,77.38,24/11
Pants,95,64.45,24/11
Licensed chair,49,64.09,24/11
Gorgeous rubber mouse,39,56.83,24/11
Plastic chair,38,89.39,24/11
Frozen sausages,53,17.16,24/11
Intelligent fish,78,16.4,24/11
Gently used metal soap,2,18.71,24/11
Practical metal towels,23,31.06,24/11
Used tuna,27,13.66,24/11
Metal hat,11,75.06,24/11
Rubber hat,67,15.71,24/11
Plastic shirt,13,16.56,24/11
New cotton chair,88,69.92,24/11
Steel bike,90,10.75,24/11
Used mouse,61,49.61,24/11
Tasty shirt,64,96.48,24/11
Hat,44,69.22,24/11
Licensed soft pizza,27,84.34,24/11
Cheese,10,21.86,24/11
Steel gloves,16,86.3,24/11
Handcrafted shirt,96,38.0,24/11
Frozen ball,93,80.1,24/11
Sausages,67,78.65,24/11
Concrete chips,19,57.6,24/11
Towels,81,53.46,24/11
Handmade tuna,27,92.38,24/11
Pizza,31,76.53,24/11
Chips,23,25.27,24/11
Pizza,60,21.64,24/11
Chicken,25,37.07,24/11
Keyboard,98,30.07,24/11
Rustic computer,11,63.14,24/11
Handmade chips,37,73.39,24/11
Used chair,39,43.82,24/11
Rustic rubber sausages,24,15.37,24/11
Keyboard,26,21.18,24/11
Sausages,69,90.38,24/11
Refined soft cheese,23,6.06,24/11
Gorgeous chicken,37,82.11,24/11
New concrete chips,41,20.23,24/11
Cheese,24,79.57,24/11
Computer,65,49.97,24/11
Sleek concrete hat,13,7.86,24/11
Bike,81,25.33,24/11
Shoes,57,44.15,24/11
Shoes,85,30.11,24/11
Unbranded rubber shirt,84,18.11,24/11
Keyboard,78,14.41,24/11
Pants,56,62.57,24/11
Used soap,30,77.41,24/11
Pizza,53,59.16,24/11
Awesome table,85,69.36,24/12
Small fresh shirt,27,52.24,24/12
Gently used tuna,2,80.9,24/12
Fish,31,76.0,24/12
Steel pizza,67,77.44,24/12
Pizza,90,10.07,24/12
Fantastic plastic salad,1,83.56,24/12
Refined mouse,27,45.47,24/12
Licensed sausages,48,84.04,24/12
Cotton ball,1,94.75,24/12
Handcrafted soft computer,32,39.71,24/12
Tuna,10,23.1,24/12
Plastic car,81,99.99,24/12
Gently used steel shoes,40,31.6,24/12
Rubber soap,15,14.95,24/12
Rubber keyboard,57,45.46,24/12
Towels,77,96.4,24/12
Unbranded shirt,41,10.3,24/12
New soft keyboard,67,94.34,24/12
Cotton pizza,39,57.17,24/12
Incredible towels,23,79.29,24/12
Pants,32,20.07,24/12
Ergonomic fish,5,95.3,24/12
Frozen keyboard,33,8.33,24/12
Soft mouse,91,67.29,24/12
Tasty frozen gloves,83,64.62,24/12
Pants,22,7.59,24/12
Handmade fresh table,82,97.78,24/12
Awesome metal shirt,71,33.95,24/12
Gloves,69,42.45,24/12
Practical cotton chicken,70,90.61,24/12
Rustic wooden fish,46,73.09,24/12
Unbranded rubber pants,66,96.48,24/12
Shoes,51,58.09,24/12
Sleek plastic tuna,68,27.94,24/12
Generic concrete gloves,33,79.3,24/12
Hat,96,13.35,24/12
Granite tuna,88,45.47,24/12
Incredible granite tuna,59,91.84,24/12
Refined fish,76,78.59,24/12
Wooden pants,62,56.95,24/12
Incredible salad,7,64.4,24/12
Chair,6,62.32,24/12
Bacon,87,73.75,24/12
Ergonomic bacon,11,56.03,24/12
Fresh tuna,77,20.94,24/12
Tasty fish,22,39.08,24/12
Gloves,72,76.82,24/12
Chicken,57,12.03,24/12
Pants,80,26.54,24/12
Licensed chair,25,62.24,24/12
Gorgeous rubber mouse,34,66.63,24/12
Plastic chair,39,41.42,24/12
Frozen sausages,63,89.83,24/12
Intelligent fish,86,71.68,24/12
Gently used metal soap,91,34.79,24/12
Practical metal towels,5,89.21,24/12
Used tuna,55,63.34,24/12
Metal hat,15,42.4,24/12
Rubber hat,12,34.26,24/12
Plastic shirt,34,71.59,24/12
New cotton chair,8,42.06,24/12
Steel bike,18,6.14,24/12
Used mouse,98,74.4,24/12
Tasty shirt,37,55.55,24/12
Hat,31,33.01,24/12
Licensed soft pizza,7,60.88,24/12
Cheese,11,30.41,24/12
Steel gloves,47,27.57,24/12
Handcrafted shirt,88,77.28,24/12
Frozen ball,40,99.51,24/12
Sausages,74,38.2,24/12
Concrete chips,99,49.7,24/12
Towels,68,88.74,24/12
Handmade tuna,4,36.26,24/12
Pizza,15,22.92,24/12
Chips,72,45.28,24/12
Pizza,8,24.13,24/12
Chicken,59,92.56,24/12
Keyboard,17,28.24,24/12
Rustic computer,65,76.54,24/12
Handmade chips,86,7.04,24/12
Used chair,45,58.5,24/12
Rustic rubber sausages,34,36.43,24/12
Keyboard,34,8.13,24/12
Sausages,80,73.39,24/12
Refined soft cheese,86,5.06,24/12
Gorgeous chicken,1,82.54,24/12
New concrete chips,72,43.33,24/12
Cheese,66,38.8,24/12
Computer,92,14.02,24/12
Sleek concrete hat,60,72.05,24/12
Bike,97,32.3,24/12
Shoes,58,15.21,24/12
Shoes,54,54.53,24/12
Unbranded rubber shirt,56,61.83,24/12
Keyboard,99,86.78,24/12
Pants,30,23.25,24/12
Used soap,13,74.41,24/12
Pizza,91,95.06,24/12
